user,movie,rating
1,2,5.0
1,3,5.0
1,7,3.0
1,11,2.0
1,14,5.0
1,15,5.0
1,16,5.0
1,18,2.0
1,19,2.0
1,20,5.0
2,1,5.0
2,3,5.0
2,4,4.0
2,5,5.0
2,6,4.0
2,7,4.0
2,8,4.0
2,9,3.0
2,10,3.0
2,11,3.0
2,12,3.0
2,13,3.0
2,14,5.0
2,15,5.0
2,16,5.0
2,17,5.0
2,18,5.0
2,19,5.0
2,20,5.0
3,1,5.0
3,2,5.0
3,3,5.0
3,5,2.0
3,6,3.0
3,7,2.0
3,8,5.0
3,9,5.0
3,10,5.0
3,11,2.0
3,12,5.0
3,15,3.0
3,16,5.0
4,1,4.0
4,2,5.0
4,3,4.0
4,5,5.0
4,8,4.0
4,13,3.0
4,14,4.0
4,15,2.0
4,16,3.0
4,19,3.0
4,20,4.0
5,1,5.0
5,2,5.0
5,3,5.0
5,7,4.0
5,8,4.0
5,12,4.0
6,3,4.0
6,5,4.0
6,8,5.0
6,15,3.0
6,16,5.0
7,1,5.0
7,5,5.0
7,8,5.0
7,11,5.0
7,13,5.0
7,15,5.0
7,16,5.0
8,1,5.0
8,2,5.0
8,3,5.0
8,4,5.0
8,7,4.0
8,8,5.0
8,10,5.0
8,14,5.0
8,15,5.0
8,17,4.0
8,18,4.0
8,19,4.0
9,1,5.0
9,2,5.0
9,3,5.0
9,4,3.0
9,5,4.0
9,6,5.0
9,7,3.0
9,8,4.0
9,9,3.0
9,11,4.0
9,12,5.0
9,13,3.0
9,14,4.0
9,15,2.0
9,16,5.0
9,17,4.0
9,18,3.0
10,1,3.0
10,2,4.0
10,3,4.0
10,4,4.0
10,5,4.0
10,6,5.0
10,10,3.0
10,11,4.0
10,12,3.0
10,14,4.0
10,15,4.0
10,16,4.0
10,17,5.0
11,1,5.0
11,2,5.0
11,3,5.0
11,4,3.0
11,5,4.0
11,6,5.0
11,7,2.0
11,8,4.0
11,9,3.0
11,10,3.0
11,11,4.0
11,12,5.0
11,13,3.0
11,14,4.0
11,15,2.0
11,16,5.0
11,17,3.0
11,18,3.0
12,3,2.0
12,5,5.0
12,8,3.0
13,1,4.0
13,3,5.0
13,5,5.0
13,6,5.0
13,7,3.0
13,8,5.0
13,11,4.0
13,12,4.0
13,15,5.0
14,1,4.0
14,2,3.0
14,3,5.0
14,4,2.0
14,5,3.0
14,6,4.0
14,7,3.0
14,8,5.0
14,9,2.0
14,10,3.0
14,11,5.0
14,12,3.0
14,13,4.0
14,14,3.0
14,15,2.0
14,17,4.0
14,18,3.0
14,19,1.0
14,20,4.0
15,3,5.0
15,4,5.0
15,5,5.0
15,7,5.0
15,8,5.0
15,11,5.0
15,15,5.0
16,1,4.0
16,2,5.0
16,3,5.0
16,5,4.0
16,7,3.0
16,8,3.0
16,12,5.0
16,16,4.0
17,1,1.0
17,2,2.0
17,3,5.0
17,7,5.0
17,8,3.0
17,11,1.0
17,12,1.0
17,15,5.0
18,1,4.0
18,2,5.0
18,3,5.0
18,5,4.0
18,7,5.0
18,8,5.0
18,14,4.0
18,15,5.0
18,16,4.0
19,3,5.0
19,5,4.0
19,7,3.0
19,8,5.0
19,11,4.0
19,15,1.0
19,16,3.0
20,2,4.0
20,3,5.0
20,5,4.0
20,6,5.0
20,7,5.0
20,8,4.0
20,11,3.0
20,12,5.0
20,13,4.0
20,15,1.0
20,16,5.0
21,1,2.0
21,2,4.0
21,3,4.0
21,5,4.0
21,7,3.0
21,8,5.0
22,1,4.0
22,2,3.0
22,3,4.0
22,4,3.0
22,5,3.0
22,6,3.0
22,8,3.0
22,11,3.0
22,15,4.0
23,3,5.0
23,7,3.0
23,8,3.0
24,2,3.0
24,8,5.0
24,11,4.0
24,14,4.0
25,2,5.0
25,3,5.0
25,5,3.0
25,7,3.0
25,8,3.0
25,9,4.0
25,12,4.0
25,14,4.0
26,2,4.0
26,3,5.0
26,5,5.0
26,7,3.0
26,8,5.0
26,11,5.0
26,14,3.0
26,15,5.0
26,16,5.0
26,19,4.0
27,4,4.0
27,5,4.0
27,8,4.0
27,11,5.0
27,15,1.0
27,17,4.0
27,18,5.0
28,2,4.0
28,3,4.0
28,7,4.0
28,8,4.0
28,11,4.0
28,12,5.0
28,15,3.0
29,2,5.0
29,3,5.0
29,4,4.0
29,5,5.0
29,6,5.0
29,7,5.0
29,8,5.0
29,11,2.0
29,12,5.0
29,13,4.0
29,15,2.0
29,16,2.0
30,1,3.0
30,2,3.0
30,3,3.0
30,5,4.0
30,7,1.0
30,9,4.0
30,10,3.0
30,12,4.0
30,14,4.0
31,1,5.0
31,3,4.0
31,5,5.0
31,7,5.0
31,8,4.0
31,14,4.0
31,15,3.0
31,16,5.0
31,17,4.0
31,18,4.0
31,19,4.0
31,20,4.0
32,2,4.0
32,3,4.0
32,5,5.0
32,7,4.0
32,8,5.0
32,11,4.0
32,12,4.0
32,15,1.0
33,1,5.0
33,2,5.0
33,3,5.0
33,5,2.0
33,6,3.0
33,7,2.0
33,8,5.0
33,11,2.0
33,12,4.0
33,15,3.0
33,16,5.0
34,1,3.0
34,2,3.0
34,3,4.0
34,4,4.0
34,5,4.0
34,7,4.0
34,8,3.0
34,10,4.0
34,11,5.0
34,12,4.0
34,14,4.0
34,15,4.0
34,16,4.0
34,18,4.0
35,2,4.0
35,5,4.0
35,7,5.0
35,8,4.0
35,11,4.0
35,12,3.0
35,15,4.0
35,16,5.0
35,18,3.0
36,1,1.0
36,2,1.0
36,3,2.0
36,4,3.0
36,5,4.0
36,6,2.0
36,7,2.0
36,8,4.0
36,9,3.0
36,10,3.0
36,11,3.0
36,12,2.0
36,13,2.0
36,14,5.0
36,15,5.0
36,16,3.0
36,17,3.0
36,18,4.0
36,19,2.0
36,20,5.0
37,1,4.0
37,2,4.0
37,3,4.0
37,4,4.0
37,5,4.0
37,6,4.0
37,7,4.0
37,8,4.0
37,9,4.0
37,10,3.0
37,11,4.0
37,12,5.0
37,13,4.0
37,14,4.0
37,15,5.0
37,16,5.0
37,17,3.0
37,18,3.0
37,19,3.0
37,20,3.0
38,1,5.0
38,2,5.0
38,3,5.0
38,7,3.0
38,8,4.0
38,11,3.0
38,12,5.0
39,1,3.0
39,2,4.0
39,3,4.0
39,5,3.0
39,6,3.0
39,7,2.0
39,8,3.0
39,11,3.0
39,12,3.0
39,14,3.0
39,15,1.0
39,16,4.0
40,1,3.0
40,3,4.0
40,6,3.0
40,7,3.0
40,8,4.0
40,11,3.0
40,13,3.0
40,15,1.0
40,16,4.0
41,1,3.0
41,2,4.0
41,3,4.0
41,5,5.0
41,7,3.0
41,8,3.0
41,11,3.0
41,12,4.0
41,14,5.0
41,15,1.0
42,1,4.0
42,2,5.0
42,3,5.0
42,4,3.0
42,5,4.0
42,6,3.0
42,7,3.0
42,8,4.0
42,9,3.0
42,10,3.0
42,11,4.0
42,12,3.0
42,13,3.0
42,14,3.0
42,15,3.0
42,16,4.0
42,17,4.0
42,18,3.0
42,19,3.0
42,20,3.0
43,1,4.0
43,2,3.0
43,3,3.0
43,4,3.0
43,5,3.0
43,6,3.0
43,7,2.0
43,8,1.0
43,9,4.0
43,10,5.0
43,11,5.0
43,12,4.0
43,13,3.0
43,14,4.0
43,15,1.0
43,16,3.0
43,17,3.0
43,18,2.0
43,19,2.0
43,20,1.0
44,5,5.0
44,7,5.0
44,8,5.0
44,10,4.0
44,11,5.0
44,12,4.0
44,14,3.0
44,15,3.0
44,16,2.0
44,18,4.0
44,19,4.0
44,20,4.0
45,3,4.0
45,4,4.0
45,5,4.0
45,6,4.0
45,15,2.0
46,2,5.0
46,3,5.0
46,12,5.0
46,14,5.0
46,15,5.0
47,1,3.0
47,2,3.0
47,3,4.0
47,4,4.0
47,5,4.0
47,6,4.0
47,7,4.0
47,8,4.0
47,10,4.0
47,12,3.0
47,13,4.0
47,14,4.0
47,15,4.0
47,16,3.0
47,17,3.0
47,18,3.0
47,19,3.0
47,20,3.0
48,2,5.0
48,3,4.0
48,5,4.0
48,7,4.0
48,11,3.0
48,14,3.0
48,15,2.0
48,16,3.0
49,1,5.0
49,2,5.0
49,3,5.0
49,5,5.0
49,7,4.0
49,8,5.0
49,11,4.0
49,12,4.0
49,15,2.0
49,16,2.0
50,2,5.0
50,3,4.0
50,5,5.0
50,7,4.0
50,11,3.0
50,14,3.0
50,15,2.0
50,16,3.0
51,2,5.0
51,3,4.0
51,5,3.0
51,7,5.0
51,8,5.0
51,18,4.0
51,20,5.0
52,1,4.0
52,2,5.0
52,3,5.0
52,5,4.0
52,7,4.0
52,8,3.0
52,11,3.0
52,12,5.0
52,14,3.0
52,15,2.0
52,16,3.0
53,1,5.0
53,3,5.0
53,5,5.0
53,6,1.0
53,7,4.0
53,8,4.0
53,11,4.0
53,12,3.0
53,14,3.0
53,15,2.0
53,16,4.0
54,1,5.0
54,2,5.0
54,3,5.0
54,4,5.0
54,7,5.0
54,8,4.0
54,9,3.0
54,10,3.0
54,12,5.0
54,15,1.0
55,2,5.0
55,3,5.0
55,5,5.0
55,7,3.0
55,8,3.0
55,12,3.0
55,15,1.0
56,2,5.0
56,7,4.0
56,8,2.0
57,2,5.0
57,3,4.0
57,5,5.0
57,7,4.0
57,8,4.0
57,11,4.0
57,15,2.0
57,16,5.0
58,5,4.0
58,7,4.0
58,8,5.0
58,15,5.0
58,16,4.0
59,1,5.0
59,2,5.0
59,3,5.0
59,4,3.0
59,5,4.0
59,6,3.0
59,7,5.0
59,8,3.0
59,9,3.0
59,10,4.0
59,11,5.0
59,12,5.0
59,13,4.0
59,14,3.0
59,15,2.0
59,16,4.0
59,17,4.0
59,18,2.0
59,19,2.0
59,20,2.0
60,3,5.0
60,5,5.0
60,8,2.0
61,3,5.0
61,4,5.0
61,5,5.0
61,6,5.0
61,7,5.0
61,8,5.0
61,10,5.0
61,11,4.0
61,12,4.0
61,13,5.0
61,14,5.0
61,15,3.0
61,16,4.0
61,17,5.0
61,18,5.0
61,19,5.0
61,20,5.0
62,3,3.0
62,5,4.0
62,7,5.0
62,8,4.0
62,11,2.0
62,15,4.0
62,16,1.0
63,1,4.0
63,2,4.0
63,3,5.0
63,4,4.0
63,5,4.0
63,7,4.0
63,8,4.0
63,12,5.0
64,1,5.0
64,2,5.0
64,3,4.0
64,5,3.0
64,7,4.0
64,8,5.0
64,11,4.0
64,15,3.0
64,16,3.0
65,1,5.0
65,2,4.0
65,3,5.0
65,4,4.0
65,5,4.0
65,6,4.0
65,7,4.0
65,8,5.0
65,11,5.0
65,12,5.0
65,14,4.0
65,15,4.0
65,16,5.0
65,17,5.0
66,1,4.0
66,3,5.0
66,4,4.0
66,5,5.0
66,7,4.0
66,8,3.0
66,11,4.0
66,13,5.0
66,14,5.0
66,15,4.0
66,16,5.0
66,18,4.0
66,19,4.0
66,20,5.0
67,1,4.0
67,2,5.0
67,3,5.0
67,4,1.0
67,5,3.0
67,6,3.0
67,7,5.0
67,8,4.0
67,9,5.0
67,10,3.0
67,11,3.0
67,12,5.0
67,13,3.0
67,14,4.0
67,15,2.0
67,16,4.0
67,17,2.0
67,18,2.0
67,19,2.0
67,20,2.0
68,1,4.0
68,2,5.0
68,3,4.0
68,4,4.0
68,5,3.0
68,6,4.0
68,7,4.0
68,8,4.0
68,9,3.0
68,10,3.0
68,11,4.0
68,12,3.0
68,13,4.0
68,14,3.0
68,15,3.0
68,16,3.0
68,17,4.0
68,18,3.0
68,19,3.0
68,20,4.0
69,2,5.0
69,3,5.0
69,5,4.0
69,7,4.0
69,9,5.0
69,10,5.0
69,11,4.0
69,12,5.0
69,14,4.0
69,15,3.0
69,16,5.0
70,1,4.0
70,3,4.0
70,5,5.0
70,8,3.0
70,10,3.0
70,11,3.0
70,13,3.0
70,14,3.0
70,15,4.0
70,16,3.0
71,1,5.0
71,4,4.0
71,5,5.0
71,7,5.0
71,8,4.0
71,14,5.0
71,15,3.0
71,16,5.0
72,2,5.0
72,5,4.0
72,7,3.0
72,8,4.0
72,12,5.0
72,16,5.0
72,19,4.0
72,20,4.0
73,1,3.0
73,2,4.0
73,3,4.0
73,4,4.0
73,5,5.0
73,6,3.0
73,7,5.0
73,8,5.0
73,9,2.0
73,10,3.0
73,11,5.0
73,13,2.0
73,15,3.0
73,16,3.0
73,17,4.0
73,19,3.0
74,2,5.0
74,3,3.0
74,5,4.0
74,7,5.0
74,8,5.0
74,11,3.0
74,15,3.0
74,16,1.0
75,3,4.0
75,5,5.0
75,7,3.0
75,11,4.0
75,15,5.0
76,1,5.0
76,3,5.0
76,4,5.0
76,5,5.0
76,8,5.0
76,12,5.0
76,14,5.0
76,15,4.0
77,1,1.0
77,3,2.0
77,5,1.0
77,7,2.0
77,8,1.0
77,11,3.0
77,15,3.0
78,1,3.0
78,2,4.0
78,4,4.0
78,6,4.0
78,9,4.0
78,10,4.0
78,11,5.0
78,12,4.0
78,13,4.0
78,14,5.0
78,20,4.0
79,1,4.0
79,2,4.0
79,3,4.0
79,4,4.0
79,5,5.0
79,7,4.0
79,8,4.0
79,9,3.0
79,13,4.0
79,14,4.0
79,15,4.0
79,16,3.0
79,17,4.0
79,18,3.0
79,19,4.0
79,20,5.0
80,1,4.0
80,2,5.0
80,3,5.0
80,5,4.0
80,7,3.0
80,8,4.0
80,11,4.0
80,12,5.0
80,14,4.0
80,15,1.0
80,16,3.0
81,3,4.0
81,5,4.0
81,7,3.0
81,13,3.0
81,15,2.0
81,16,3.0
81,17,2.0
82,3,4.0
82,4,4.0
82,5,5.0
82,7,5.0
82,8,4.0
82,10,5.0
82,11,4.0
82,15,4.0
82,16,4.0
82,20,3.0
83,1,5.0
83,2,4.0
83,3,3.0
83,4,2.0
83,5,5.0
83,7,3.0
83,8,5.0
83,11,3.0
83,15,5.0
83,16,4.0
84,3,5.0
84,4,4.0
84,5,5.0
84,8,5.0
84,10,2.0
84,11,5.0
84,15,5.0
84,16,4.0
84,17,4.0
84,18,5.0
84,19,3.0
85,1,3.0
85,2,5.0
85,3,4.0
85,5,5.0
85,7,3.0
85,8,4.0
85,11,5.0
85,12,3.0
85,14,5.0
85,15,3.0
86,1,3.0
86,2,2.0
86,3,3.0
86,4,4.0
86,5,4.0
86,7,4.0
86,8,3.0
86,10,3.0
86,11,4.0
86,13,4.0
86,14,4.0
86,15,5.0
86,16,4.0
86,17,4.0
86,19,3.0
86,20,3.0
87,5,5.0
87,7,5.0
87,8,5.0
87,15,4.0
87,16,5.0
88,1,4.0
88,2,4.0
88,3,4.0
88,4,4.0
88,5,5.0
88,7,4.0
88,8,5.0
88,11,5.0
88,12,4.0
88,15,2.0
89,3,4.0
89,5,5.0
89,7,5.0
89,8,4.0
89,15,4.0
89,16,5.0
90,8,3.0
90,14,5.0
90,15,4.0
91,1,3.0
91,2,4.0
91,3,5.0
91,4,2.0
91,5,5.0
91,6,4.0
91,7,5.0
91,8,5.0
91,9,4.0
91,10,4.0
91,11,5.0
91,12,4.0
91,13,3.0
91,14,3.0
91,15,5.0
91,16,5.0
91,17,3.0
91,18,2.0
91,19,3.0
91,20,2.0
92,1,4.0
92,2,4.0
92,3,5.0
92,4,4.0
92,5,5.0
92,7,4.0
92,8,4.0
92,9,3.0
92,10,3.0
92,11,4.0
92,14,4.0
92,15,4.0
92,16,3.0
92,18,4.0
92,19,4.0
92,20,4.0
93,3,4.0
93,5,5.0
93,7,5.0
93,8,5.0
93,12,5.0
93,15,1.0
94,5,5.0
94,8,3.0
94,15,4.0
95,1,5.0
95,2,3.0
95,3,5.0
95,4,4.0
95,5,5.0
95,8,5.0
95,10,5.0
95,11,3.0
95,12,4.0
95,13,3.0
95,14,3.0
95,15,5.0
95,16,5.0
95,17,5.0
95,18,4.0
95,19,3.0
95,20,3.0
96,2,5.0
96,4,3.0
96,5,4.0
96,6,3.0
96,7,4.0
96,8,4.0
96,10,2.0
96,11,2.0
96,12,3.0
96,13,3.0
96,14,3.0
96,15,2.0
96,16,3.0
96,17,3.0
96,18,3.0
96,19,4.0
96,20,4.0
97,2,5.0
97,3,5.0
97,4,4.0
97,5,5.0
97,6,3.0
97,7,4.0
97,8,5.0
97,9,3.0
97,10,2.0
97,11,5.0
97,12,4.0
97,14,3.0
97,15,5.0
97,16,2.0
97,17,4.0
97,18,5.0
98,1,4.0
98,2,4.0
98,3,4.0
98,10,3.0
98,11,3.0
98,12,4.0
98,19,4.0
99,1,5.0
99,2,4.0
99,3,5.0
99,5,4.0
99,7,3.0
99,8,3.0
99,10,4.0
99,12,4.0
99,15,2.0
99,16,1.0
99,17,5.0
99,18,5.0
99,19,4.0
99,20,3.0
100,1,4.0
100,3,3.0
100,5,5.0
100,8,4.0
100,15,5.0
100,16,3.0
101,1,4.0
101,3,4.0
101,4,3.0
101,5,4.0
101,6,4.0
101,7,5.0
101,8,5.0
101,10,3.0
101,11,4.0
101,15,3.0
102,2,3.0
102,5,5.0
102,15,4.0
103,3,4.0
103,4,5.0
103,5,5.0
103,6,5.0
103,7,4.0
103,8,2.0
103,11,5.0
103,14,3.0
103,15,2.0
103,17,5.0
103,19,2.0
104,3,5.0
104,4,4.0
104,5,5.0
104,7,5.0
104,8,4.0
104,11,5.0
105,1,3.0
105,2,5.0
105,3,4.0
105,5,4.0
105,7,5.0
105,8,5.0
105,11,3.0
105,12,5.0
105,15,4.0
106,2,5.0
106,3,5.0
106,4,3.0
106,5,3.0
106,7,4.0
106,8,3.0
106,11,3.0
106,15,2.0
106,16,3.0
107,1,5.0
107,3,4.0
107,4,4.0
107,5,5.0
107,7,3.0
107,8,3.0
107,11,3.0
107,15,5.0
107,16,2.0
107,17,4.0
107,18,3.0
107,19,3.0
107,20,3.0
108,1,5.0
108,2,5.0
108,3,5.0
108,6,5.0
108,7,5.0
108,8,5.0
108,15,2.0
109,1,5.0
109,2,4.0
109,3,4.0
109,5,4.0
109,7,5.0
109,8,4.0
109,11,5.0
109,15,2.0
110,1,4.0
110,2,4.0
110,3,5.0
110,4,3.0
110,5,3.0
110,6,3.0
110,7,5.0
110,8,4.0
110,9,3.0
110,10,3.0
110,11,3.0
110,12,3.0
110,13,3.0
110,14,3.0
110,15,1.0
110,16,3.0
110,17,3.0
110,18,3.0
110,19,3.0
110,20,3.0
111,2,3.0
111,3,2.0
111,5,5.0
111,6,5.0
111,7,5.0
111,8,5.0
111,14,4.0
111,15,5.0
111,17,5.0
111,18,3.0
112,1,4.0
112,2,4.0
112,3,5.0
112,5,5.0
112,7,4.0
112,8,4.0
112,11,4.0
113,2,4.0
113,3,5.0
113,7,3.0
113,8,3.0
113,11,3.0
113,12,5.0
113,15,4.0
113,18,4.0
114,3,4.0
114,5,4.0
115,1,3.0
115,2,5.0
115,3,5.0
115,4,3.0
115,5,1.0
115,6,1.0
115,7,3.0
115,8,5.0
115,9,4.0
115,10,2.0
115,12,3.0
115,14,4.0
115,15,5.0
115,16,3.0
115,17,3.0
115,19,3.0
115,20,5.0
116,1,5.0
116,2,4.0
116,3,4.0
116,5,4.0
116,7,3.0
116,8,5.0
116,9,3.0
116,10,4.0
116,11,4.0
116,12,3.0
116,13,3.0
116,14,4.0
116,15,3.0
116,16,5.0
116,17,4.0
116,18,4.0
116,20,3.0
117,2,4.0
117,3,5.0
117,5,4.0
117,6,5.0
117,7,4.0
117,8,4.0
117,11,4.0
117,13,5.0
117,14,4.0
117,15,3.0
117,16,4.0
118,2,5.0
118,3,4.0
118,5,5.0
118,7,4.0
118,8,5.0
118,10,4.0
118,11,3.0
118,12,5.0
118,15,4.0
119,1,4.0
119,2,5.0
119,3,5.0
119,5,5.0
119,7,4.0
119,8,4.0
119,9,5.0
119,11,3.0
119,12,5.0
119,14,5.0
119,15,3.0
119,16,5.0
120,1,5.0
120,2,5.0
120,3,5.0
120,5,5.0
120,7,5.0
120,8,5.0
120,11,4.0
120,15,5.0
121,2,5.0
121,3,3.0
121,7,4.0
121,8,4.0
121,9,4.0
121,11,4.0
121,12,5.0
121,14,5.0
121,15,1.0
122,2,4.0
122,3,5.0
122,5,3.0
122,7,4.0
122,8,5.0
122,12,5.0
122,14,4.0
122,15,5.0
123,1,3.0
123,2,5.0
123,3,5.0
123,4,4.0
123,5,5.0
123,6,4.0
123,7,5.0
123,8,4.0
123,11,2.0
123,12,5.0
123,13,3.0
123,15,1.0
123,16,5.0
123,20,4.0
124,1,4.0
124,3,5.0
124,5,5.0
124,7,5.0
124,8,5.0
124,10,4.0
124,11,4.0
124,12,5.0
124,13,5.0
124,14,5.0
124,15,5.0
124,16,4.0
124,17,5.0
124,19,5.0
125,1,4.0
125,2,4.0
125,3,4.0
125,5,4.0
125,7,5.0
125,8,5.0
125,11,3.0
125,15,5.0
125,16,3.0
125,17,4.0
126,5,4.0
126,14,3.0
126,15,4.0
126,17,3.0
127,1,4.0
127,3,5.0
127,5,5.0
127,8,4.0
128,15,5.0
129,2,4.0
129,3,5.0
129,7,3.0
129,8,3.0
129,11,4.0
129,12,5.0
129,15,3.0
129,16,4.0
130,2,5.0
130,4,5.0
130,5,5.0
130,6,5.0
130,7,5.0
130,9,3.0
130,11,4.0
130,12,4.0
130,14,5.0
130,15,3.0
130,16,5.0
130,17,5.0
130,18,4.0
131,1,4.0
131,2,3.0
131,3,5.0
131,5,5.0
131,7,4.0
131,8,4.0
131,11,4.0
131,15,4.0
132,1,4.0
132,2,3.0
132,3,4.0
132,4,4.0
132,5,4.0
132,6,4.0
132,7,5.0
132,8,4.0
132,9,5.0
132,10,3.0
132,11,4.0
132,12,3.0
132,13,5.0
132,15,5.0
132,16,3.0
132,17,4.0
132,18,3.0
132,19,4.0
132,20,5.0
133,1,3.0
133,2,4.0
133,3,4.0
133,5,3.0
133,7,5.0
133,8,3.0
133,9,4.0
133,11,3.0
133,12,5.0
133,15,3.0
133,16,5.0
134,2,4.0
134,3,4.0
134,5,4.0
134,7,5.0
134,9,1.0
134,12,4.0
134,15,4.0
135,1,3.0
135,3,5.0
135,4,5.0
135,5,5.0
135,7,4.0
135,8,5.0
135,11,5.0
135,13,2.0
135,15,4.0
135,16,5.0
135,17,4.0
135,18,4.0
135,19,4.0
136,1,4.0
136,2,3.0
136,3,4.0
136,4,3.0
136,5,4.0
136,6,2.0
136,7,5.0
136,8,5.0
136,9,1.0
136,12,4.0
136,13,3.0
136,14,5.0
136,15,4.0
136,16,5.0
136,17,3.0
136,18,5.0
136,19,4.0
136,20,4.0
137,1,3.0
137,2,5.0
137,3,5.0
137,5,4.0
137,7,5.0
137,8,3.0
137,10,3.0
137,12,5.0
137,13,4.0
137,15,4.0
137,16,5.0
138,12,3.0
138,15,1.0
139,1,4.0
139,2,4.0
139,4,5.0
139,5,4.0
139,7,4.0
139,8,5.0
139,11,4.0
139,12,5.0
139,15,3.0
139,19,4.0
139,20,3.0
140,1,4.0
140,5,4.0
140,11,4.0
141,1,4.0
141,2,4.0
141,3,4.0
141,4,4.0
141,5,4.0
141,6,4.0
141,7,4.0
141,8,3.0
141,9,4.0
141,10,4.0
141,11,4.0
141,12,4.0
141,13,4.0
141,14,4.0
141,15,4.0
141,16,4.0
141,17,4.0
141,18,4.0
141,19,5.0
141,20,4.0
142,2,3.0
142,3,1.0
142,7,3.0
142,12,4.0
142,16,4.0
143,1,5.0
143,3,5.0
143,5,5.0
143,8,5.0
143,16,3.0
143,17,4.0
144,2,5.0
144,3,5.0
144,5,4.0
144,7,3.0
144,8,3.0
144,11,5.0
144,13,5.0
144,15,3.0
146,3,4.0
146,5,5.0
146,6,5.0
146,8,5.0
146,15,3.0
147,1,5.0
147,2,3.0
147,3,4.0
147,5,2.0
147,7,4.0
147,8,5.0
147,11,3.0
147,12,4.0
147,13,1.0
147,15,2.0
147,16,3.0
148,3,5.0
148,5,3.0
148,8,5.0
149,5,4.0
149,7,5.0
149,8,4.0
149,11,4.0
149,15,3.0
150,5,4.0
150,7,5.0
150,8,4.0
150,9,3.0
150,11,4.0
151,1,4.0
151,3,3.0
151,5,4.0
151,8,5.0
151,11,3.0
152,1,1.0
152,2,2.0
152,3,3.0
152,4,4.0
152,5,5.0
152,7,5.0
152,8,4.0
152,9,3.0
152,10,2.0
152,11,1.0
152,12,2.0
152,13,3.0
152,14,4.0
152,15,5.0
152,17,5.0
152,18,4.0
152,19,3.0
152,20,2.0
153,3,2.0
153,8,1.0
153,11,2.0
153,14,4.0
153,16,2.0
154,5,5.0
154,6,5.0
155,1,3.0
155,2,4.0
155,3,5.0
155,5,3.0
155,6,5.0
155,7,3.0
155,8,4.0
155,11,3.0
155,12,5.0
155,15,3.0
155,16,5.0
156,1,5.0
156,2,5.0
156,3,4.0
156,7,4.0
156,8,4.0
156,11,4.0
156,12,4.0
156,13,4.0
156,14,5.0
156,15,2.0
156,16,5.0
157,1,4.0
157,5,5.0
157,7,5.0
157,8,3.0
157,11,2.0
157,13,3.0
157,14,5.0
157,15,3.0
157,16,3.0
158,1,3.0
158,2,5.0
158,3,5.0
158,5,1.0
158,6,5.0
158,7,3.0
158,8,4.0
158,11,3.0
158,12,5.0
158,15,1.0
158,16,4.0
159,1,4.0
159,2,4.0
159,3,4.0
159,5,4.0
159,7,5.0
159,8,5.0
159,11,2.0
159,12,5.0
160,2,5.0
160,3,4.0
160,5,4.0
160,7,5.0
160,8,4.0
160,11,3.0
160,12,4.0
160,13,1.0
160,14,4.0
160,15,1.0
161,1,2.0
161,2,1.0
161,3,4.0
161,4,1.0
161,5,5.0
161,7,4.0
161,8,5.0
161,11,5.0
161,12,5.0
161,13,4.0
161,14,5.0
161,15,1.0
161,16,3.0
161,17,5.0
162,1,4.0
162,2,5.0
162,3,5.0
162,5,3.0
162,7,5.0
162,8,5.0
162,11,5.0
162,12,5.0
163,3,5.0
163,5,5.0
164,2,5.0
164,3,5.0
164,5,2.0
164,7,3.0
164,8,4.0
164,9,5.0
164,11,4.0
164,12,5.0
165,1,4.0
165,2,5.0
165,3,5.0
165,7,3.0
165,8,5.0
165,9,5.0
165,11,3.0
165,12,5.0
165,14,5.0
165,15,1.0
166,1,4.0
166,2,5.0
166,3,5.0
166,4,3.0
166,5,4.0
166,7,4.0
166,8,2.0
166,11,4.0
166,12,3.0
166,13,4.0
166,15,4.0
166,17,2.0
166,18,2.0
166,19,2.0
166,20,2.0
167,1,4.0
167,2,4.0
167,3,4.0
167,5,3.0
167,7,5.0
167,8,5.0
167,11,2.0
167,15,1.0
168,1,4.0
168,3,5.0
168,4,1.0
168,5,1.0
168,8,4.0
168,11,5.0
168,13,5.0
168,15,3.0
168,16,4.0
169,2,4.0
169,3,5.0
169,7,3.0
170,1,3.0
170,2,4.0
170,3,5.0
170,7,3.0
170,8,4.0
170,9,5.0
170,12,5.0
171,1,4.0
171,3,4.0
171,5,4.0
171,6,4.0
171,7,4.0
171,11,4.0
171,13,3.0
171,16,4.0
172,3,4.0
172,5,2.0
172,6,4.0
172,7,2.0
172,14,2.0
172,15,1.0
173,1,3.0
173,2,1.0
173,3,5.0
173,7,5.0
173,8,5.0
173,15,3.0
174,1,4.0
174,7,4.0
174,8,5.0
174,13,2.0
174,15,2.0
175,1,4.0
175,2,2.0
175,3,5.0
175,7,2.0
175,8,3.0
175,11,2.0
175,15,1.0
143,1,5.0
143,2,5.0
143,3,5.0
143,4,2.0
143,5,3.0
143,6,5.0
143,7,5.0
143,8,2.0
143,9,3.0
143,11,4.0
143,12,5.0
143,13,5.0
143,14,5.0
143,15,4.0
143,16,4.0
143,17,5.0
143,18,1.0
176,1,5.0
176,2,4.0
176,3,5.0
176,4,1.0
176,5,1.0
176,7,4.0
176,8,4.0
176,11,3.0
176,12,4.0
176,13,1.0
176,15,2.0
177,1,3.0
177,2,4.0
177,3,5.0
177,5,3.0
177,6,3.0
177,7,3.0
177,8,4.0
177,11,4.0
177,12,5.0
177,13,3.0
177,14,4.0
177,15,1.0
178,1,5.0
178,3,5.0
178,4,3.0
178,5,4.0
178,8,4.0
178,9,3.0
178,10,4.0
178,12,4.0
178,13,4.0
178,14,3.0
178,15,2.0
178,16,5.0
179,1,4.0
179,4,5.0
179,5,5.0
179,6,4.0
179,7,4.0
179,8,5.0
179,10,4.0
179,11,4.0
179,12,5.0
180,1,5.0
180,3,5.0
180,5,4.0
180,7,4.0
180,8,5.0
180,12,3.0
180,19,4.0
181,1,4.0
181,2,5.0
181,3,5.0
181,5,5.0
181,7,4.0
181,8,4.0
181,11,2.0
181,12,5.0
181,14,5.0
181,15,1.0
181,16,5.0
182,1,4.0
182,3,5.0
182,4,4.0
182,5,5.0
182,6,5.0
182,7,4.0
182,8,5.0
182,10,3.0
182,12,3.0
182,14,3.0
182,15,2.0
182,16,3.0
183,1,4.0
183,2,4.0
183,5,4.0
183,7,4.0
183,8,4.0
183,9,4.0
183,12,5.0
183,14,3.0
183,16,5.0
184,3,5.0
184,5,5.0
184,7,5.0
184,8,4.0
184,9,5.0
184,10,4.0
184,11,5.0
184,12,4.0
184,13,4.0
184,14,1.0
184,15,5.0
184,16,3.0
184,17,5.0
184,18,4.0
184,19,2.0
185,4,4.0
185,5,4.0
185,7,4.0
185,11,3.0
185,12,4.0
185,13,4.0
185,16,2.0
186,2,4.0
186,5,4.0
186,7,5.0
186,8,5.0
186,11,5.0
186,15,4.0
186,16,3.0
187,1,5.0
187,3,4.0
187,5,1.0
187,8,4.0
187,11,2.0
188,1,3.0
188,3,5.0
188,4,3.0
188,5,5.0
188,11,3.0
188,13,4.0
188,15,5.0
188,16,2.0
189,3,3.0
189,5,4.0
189,7,5.0
189,8,5.0
189,14,4.0
189,15,3.0
190,3,5.0
190,5,2.0
190,7,1.0
190,8,2.0
190,10,4.0
190,11,4.0
190,12,4.0
190,13,1.0
190,14,3.0
190,15,1.0
191,1,5.0
191,2,4.0
191,3,5.0
191,5,5.0
191,7,5.0
191,8,4.0
191,12,5.0
191,15,2.0
191,16,4.0
192,1,4.0
192,2,5.0
192,3,5.0
192,4,4.0
192,5,5.0
192,7,4.0
192,8,4.0
192,9,4.0
192,11,3.0
192,12,5.0
192,14,4.0
192,15,4.0
193,3,4.0
193,5,4.0
193,7,4.0
193,8,5.0
193,15,4.0
194,1,4.0
194,2,3.0
194,3,4.0
194,4,3.0
194,5,4.0
194,6,2.0
194,7,3.0
194,8,4.0
194,9,3.0
194,11,4.0
194,12,2.0
194,13,2.0
194,14,3.0
194,15,5.0
194,16,4.0
194,17,4.0
194,18,3.0
194,19,3.0
194,20,4.0
195,1,4.0
195,2,5.0
195,3,4.0
195,5,5.0
195,7,4.0
195,8,5.0
195,11,5.0
195,12,5.0
195,14,3.0
195,15,1.0
195,16,1.0
196,3,3.0
196,5,3.0
196,7,5.0
196,8,4.0
196,11,3.0
196,12,3.0
196,14,3.0
196,15,4.0
196,16,5.0
197,1,5.0
197,3,4.0
197,5,5.0
197,8,4.0
197,15,5.0
198,1,3.0
198,2,4.0
198,3,3.0
198,4,2.0
198,5,3.0
198,6,3.0
198,7,2.0
198,8,4.0
198,9,3.0
198,10,2.0
198,11,2.0
198,12,3.0
198,13,5.0
198,14,5.0
198,15,4.0
198,16,5.0
198,17,5.0
198,18,4.0
198,19,4.0
198,20,3.0
199,1,3.0
199,3,4.0
199,5,5.0
199,8,5.0
199,15,5.0
200,3,4.0
200,5,3.0
200,7,5.0
200,8,3.0
200,11,4.0
200,15,3.0
201,1,4.0
201,2,5.0
201,3,5.0
201,5,4.0
201,7,5.0
201,8,5.0
201,9,4.0
201,11,5.0
201,14,4.0
201,15,5.0
201,16,5.0
201,18,3.0
201,20,4.0
202,1,3.0
202,2,5.0
202,3,5.0
202,4,4.0
202,5,5.0
202,7,4.0
202,8,4.0
202,10,4.0
202,11,5.0
202,15,1.0
203,1,3.0
203,2,4.0
203,3,5.0
203,8,4.0
204,3,4.0
204,6,4.0
204,7,4.0
204,8,4.0
204,11,4.0
204,15,3.0
205,1,1.0
205,2,1.0
205,3,3.0
205,4,2.0
205,5,4.0
205,6,3.0
205,7,3.0
205,8,2.0
205,9,3.0
205,10,4.0
205,11,4.0
205,12,3.0
205,13,5.0
205,14,5.0
205,15,5.0
205,16,5.0
205,17,5.0
205,19,2.0
205,20,3.0
206,1,4.0
206,2,4.0
206,3,2.0
206,4,4.0
206,5,5.0
206,6,4.0
206,7,5.0
206,8,5.0
206,10,4.0
206,11,3.0
206,12,4.0
206,13,2.0
206,15,1.0
206,17,1.0
207,3,5.0
207,5,4.0
207,7,2.0
207,8,5.0
207,11,3.0
207,14,2.0
207,15,1.0
208,5,5.0
208,14,5.0
208,15,3.0
208,16,4.0
209,5,4.0
209,7,4.0
209,13,3.0
209,15,4.0
209,16,4.0
210,1,4.0
210,5,5.0
210,7,4.0
210,11,4.0
210,13,5.0
210,16,5.0
211,1,3.0
211,2,5.0
211,3,5.0
211,5,4.0
211,6,4.0
211,7,4.0
211,8,4.0
211,11,2.0
211,12,5.0
211,15,2.0
212,1,4.0
212,2,2.0
212,3,5.0
212,4,1.0
212,8,4.0
212,10,3.0
212,11,1.0
212,15,5.0
213,1,4.0
213,2,5.0
213,3,5.0
213,4,4.0
213,5,5.0
213,6,3.0
213,7,5.0
213,8,5.0
213,9,4.0
213,10,4.0
213,11,5.0
213,13,3.0
213,14,2.0
213,15,4.0
213,16,2.0
213,17,2.0
213,18,2.0
213,19,4.0
213,20,3.0
214,1,5.0
214,3,5.0
214,5,5.0
214,7,4.0
214,8,5.0
214,11,4.0
214,13,5.0
214,15,3.0
215,2,5.0
215,3,3.0
215,5,4.0
215,7,3.0
215,8,4.0
215,12,4.0
215,13,1.0
215,15,1.0
216,1,4.0
216,2,3.0
216,3,4.0
216,5,2.0
216,8,2.0
216,12,4.0
216,13,3.0
217,1,4.0
217,2,2.0
217,3,5.0
217,4,1.0
217,8,4.0
217,10,3.0
217,11,1.0
217,15,5.0
218,3,5.0
218,5,5.0
218,7,3.0
218,8,4.0
218,11,3.0
218,15,4.0
219,1,4.0
219,2,5.0
219,3,5.0
219,5,4.0
219,7,4.0
219,8,5.0
219,11,4.0
219,12,4.0
219,15,5.0
219,16,5.0
220,3,5.0
220,4,5.0
220,5,5.0
220,6,5.0
220,7,5.0
220,8,5.0
220,10,5.0
220,11,5.0
220,12,5.0
220,13,5.0
220,14,4.0
220,15,5.0
220,16,4.0
220,17,3.0
220,18,5.0
220,19,3.0
220,20,2.0
221,1,3.0
221,2,3.0
221,3,4.0
221,4,3.0
221,5,5.0
221,6,3.0
221,7,5.0
221,8,4.0
221,9,3.0
221,10,3.0
221,11,5.0
221,12,4.0
221,13,2.0
221,14,2.0
221,15,2.0
221,16,4.0
221,17,3.0
222,2,5.0
222,3,5.0
222,5,3.0
222,7,1.0
222,8,4.0
222,11,4.0
222,14,1.0
222,15,1.0
222,16,5.0
223,1,5.0
223,2,4.0
223,3,5.0
223,4,4.0
223,5,5.0
223,6,4.0
223,7,5.0
223,8,5.0
223,9,5.0
223,10,5.0
223,11,5.0
223,12,4.0
223,13,4.0
223,14,4.0
223,15,5.0
223,16,5.0
223,17,4.0
223,18,4.0
223,19,4.0
223,20,4.0
224,1,5.0
224,2,5.0
224,3,5.0
224,4,3.0
224,5,4.0
224,6,4.0
224,7,3.0
224,8,5.0
224,9,3.0
224,10,3.0
224,11,5.0
224,12,5.0
224,13,5.0
224,14,5.0
224,15,5.0
224,16,5.0
224,17,3.0
224,18,3.0
224,19,3.0
224,20,3.0
225,2,2.0
225,3,5.0
225,4,4.0
225,5,5.0
225,8,5.0
225,15,5.0
225,16,4.0
225,17,4.0
225,18,5.0
225,19,4.0
226,8,5.0
227,3,5.0
227,5,5.0
227,7,5.0
227,8,4.0
227,10,3.0
227,11,5.0
227,15,5.0
227,16,5.0
227,17,3.0
228,3,5.0
228,5,4.0
228,7,5.0
228,8,5.0
228,12,5.0
228,13,3.0
229,1,3.0
229,2,4.0
229,3,3.0
229,5,4.0
229,7,4.0
229,8,3.0
229,9,5.0
229,11,4.0
229,12,5.0
229,15,5.0
229,16,5.0
229,17,3.0
230,2,5.0
230,5,5.0
230,7,4.0
230,8,5.0
230,12,2.0
230,14,2.0
230,15,4.0
231,1,5.0
231,2,5.0
231,3,5.0
231,5,5.0
231,7,5.0
231,8,5.0
231,11,5.0
231,14,5.0
231,15,5.0
231,17,5.0
232,7,4.0
232,11,4.0
232,15,4.0
232,16,3.0
233,1,5.0
233,2,4.0
233,3,5.0
233,4,5.0
233,5,3.0
233,7,5.0
233,8,4.0
233,11,4.0
233,12,2.0
233,15,3.0
233,16,5.0
234,1,3.0
234,5,4.0
234,8,4.0
234,11,3.0
234,15,2.0
235,1,3.0
235,2,2.0
235,3,3.0
235,4,4.0
235,5,5.0
235,7,5.0
235,8,4.0
235,10,5.0
235,11,5.0
235,12,4.0
235,15,2.0
235,16,3.0
235,17,3.0
235,19,4.0
236,3,4.0
236,5,4.0
236,7,5.0
236,8,5.0
237,2,5.0
237,3,5.0
237,7,2.0
237,8,4.0
237,11,3.0
237,12,5.0
237,15,1.0
238,2,4.0
238,3,5.0
238,5,2.0
238,7,3.0
238,8,4.0
238,9,3.0
238,10,2.0
238,11,5.0
238,14,4.0
238,15,5.0
238,16,5.0
238,17,5.0
239,1,5.0
239,2,3.0
239,3,5.0
239,5,4.0
239,7,5.0
239,8,5.0
239,9,4.0
239,11,3.0
239,12,4.0
239,14,3.0
239,15,4.0
239,16,4.0
239,20,3.0
240,3,5.0
240,5,4.0
240,8,4.0
240,15,4.0
241,1,5.0
241,3,3.0
241,5,5.0
241,8,4.0
241,11,5.0
241,15,4.0
241,16,3.0
242,3,5.0
242,5,5.0
242,8,4.0
242,15,5.0
242,16,5.0
243,1,4.0
243,2,5.0
243,3,5.0
243,5,3.0
243,6,5.0
243,7,5.0
243,8,3.0
243,11,2.0
243,13,4.0
243,15,2.0
243,16,3.0
244,2,5.0
244,3,5.0
244,5,3.0
244,7,4.0
244,8,3.0
244,9,4.0
244,11,4.0
244,12,5.0
244,14,2.0
244,16,3.0
245,2,3.0
245,3,3.0
245,4,4.0
245,5,5.0
245,7,3.0
245,8,4.0
245,9,3.0
245,10,3.0
245,11,3.0
245,12,4.0
245,13,4.0
245,14,5.0
245,18,5.0
245,19,5.0
245,20,5.0
246,1,5.0
246,2,3.0
246,3,4.0
246,5,4.0
246,7,5.0
246,8,5.0
246,12,4.0
247,1,5.0
247,2,4.0
247,3,5.0
247,4,4.0
247,5,5.0
247,6,4.0
247,7,5.0
247,8,5.0
247,9,4.0
247,10,5.0
247,11,5.0
247,12,5.0
247,13,5.0
247,14,4.0
247,15,5.0
247,16,5.0
247,17,5.0
247,18,4.0
247,19,5.0
247,20,1.0
248,1,4.0
248,15,4.0
248,16,4.0
249,2,3.0
249,3,5.0
249,6,4.0
249,7,4.0
249,8,3.0
249,11,5.0
249,13,5.0
249,16,3.0
249,18,3.0
250,1,4.0
250,2,3.0
250,3,5.0
250,5,4.0
250,7,3.0
250,8,2.0
250,9,5.0
250,12,5.0
250,14,3.0
250,16,4.0
250,19,3.0
251,3,5.0
251,5,4.0
251,7,5.0
251,8,5.0
251,11,5.0
251,14,5.0
251,15,3.0
251,16,5.0
252,3,5.0
252,4,4.0
252,5,5.0
252,8,4.0
252,15,5.0
252,16,3.0
253,1,5.0
253,3,5.0
253,5,5.0
253,6,4.0
253,7,3.0
253,8,5.0
253,11,4.0
253,12,5.0
253,14,5.0
253,15,3.0
253,16,5.0
253,17,5.0
254,5,4.0
254,7,4.0
254,8,5.0
254,14,5.0
254,15,3.0
255,2,3.0
255,3,5.0
255,5,5.0
255,7,4.0
255,8,3.0
255,11,3.0
255,15,3.0
256,1,5.0
256,2,5.0
256,3,5.0
256,5,5.0
256,7,5.0
256,8,5.0
256,11,3.0
256,12,5.0
256,14,4.0
256,15,1.0
256,16,1.0
256,17,5.0
256,18,1.0
257,2,4.0
257,3,5.0
257,5,5.0
257,8,4.0
257,15,3.0
258,1,2.0
258,2,5.0
258,3,5.0
258,5,4.0
258,7,5.0
258,8,5.0
258,11,4.0
258,13,5.0
258,15,3.0
258,16,5.0
259,1,2.0
259,5,4.0
259,15,4.0
259,16,3.0
260,3,4.0
260,6,4.0
260,8,1.0
260,9,2.0
260,11,2.0
260,12,3.0
260,13,4.0
260,15,5.0
260,16,3.0
260,17,5.0
260,18,5.0
261,1,4.0
261,2,4.0
261,5,5.0
261,7,3.0
261,8,5.0
261,12,4.0
261,14,5.0
261,15,4.0
261,16,4.0
262,1,4.0
262,2,5.0
262,3,4.0
262,5,4.0
262,6,5.0
262,7,5.0
262,8,5.0
262,9,4.0
262,11,4.0
262,12,5.0
262,15,1.0
262,16,1.0
263,1,4.0
263,3,5.0
263,12,5.0
264,3,4.0
264,4,4.0
264,5,4.0
264,7,3.0
264,8,3.0
264,15,5.0
265,3,5.0
265,5,4.0
265,7,3.0
265,8,5.0
265,11,3.0
265,12,5.0
265,15,4.0
265,16,4.0
266,1,4.0
266,2,5.0
266,3,5.0
266,4,2.0
266,5,2.0
266,6,2.0
266,7,3.0
266,8,3.0
266,11,2.0
266,12,5.0
266,13,2.0
266,15,2.0
266,16,4.0
266,17,2.0
266,18,3.0
266,20,4.0
267,1,5.0
267,2,4.0
267,3,5.0
267,4,5.0
267,5,3.0
267,7,5.0
267,8,4.0
267,11,4.0
267,12,2.0
267,15,3.0
267,16,5.0
268,1,5.0
268,2,5.0
268,3,3.0
268,4,2.0
268,5,5.0
268,6,3.0
268,7,5.0
268,8,5.0
268,11,4.0
268,12,5.0
268,15,1.0
269,1,3.0
269,2,1.0
269,3,5.0
269,4,4.0
269,5,5.0
269,6,3.0
269,7,5.0
269,8,2.0
269,9,2.0
269,10,2.0
269,11,3.0
269,12,3.0
269,13,5.0
269,14,5.0
269,15,5.0
269,16,4.0
269,17,4.0
269,18,5.0
269,19,5.0
269,20,5.0
270,1,3.0
270,2,5.0
270,3,4.0
270,5,4.0
270,7,5.0
270,8,5.0
270,9,4.0
270,10,5.0
270,11,5.0
270,13,4.0
270,15,5.0
270,17,5.0
270,18,5.0
270,20,4.0
271,2,1.0
271,3,4.0
271,4,4.0
271,5,4.0
271,6,3.0
271,7,5.0
271,8,2.0
271,9,2.0
271,10,2.0
271,11,2.0
271,12,2.0
271,13,2.0
271,14,2.0
271,15,2.0
271,16,2.0
271,17,2.0
271,18,2.0
271,19,2.0
271,20,2.0
272,1,5.0
272,2,5.0
272,3,5.0
272,4,3.0
272,5,5.0
272,6,5.0
272,7,5.0
272,8,4.0
272,10,4.0
272,11,5.0
272,13,4.0
272,14,5.0
272,15,2.0
272,16,5.0
272,18,5.0
273,1,4.0
273,2,5.0
273,3,4.0
273,5,4.0
273,6,4.0
273,7,3.0
273,8,4.0
273,9,4.0
273,11,1.0
273,12,5.0
273,13,4.0
273,14,4.0
273,15,1.0
273,16,4.0
274,5,5.0
274,7,4.0
274,8,4.0
274,11,4.0
274,14,5.0
274,15,5.0
274,16,5.0
274,17,5.0
274,18,5.0
275,3,5.0
275,5,5.0
275,7,5.0
275,8,5.0
275,12,5.0
275,15,5.0
276,1,1.0
276,2,5.0
276,3,5.0
276,4,1.0
276,5,3.0
276,7,5.0
276,8,5.0
276,14,5.0
276,15,5.0
276,16,5.0
277,1,4.0
277,2,4.0
277,3,4.0
277,4,1.0
277,5,4.0
277,7,5.0
277,8,2.0
277,11,4.0
277,12,4.0
277,13,2.0
277,14,5.0
277,16,3.0
277,19,3.0
277,20,3.0
278,1,4.0
278,2,4.0
278,3,5.0
278,7,5.0
278,8,4.0
278,11,5.0
278,15,3.0
279,1,5.0
279,3,5.0
279,4,5.0
279,5,5.0
279,7,4.0
279,8,4.0
279,9,4.0
279,10,5.0
279,11,4.0
279,12,5.0
279,13,5.0
279,14,4.0
279,15,5.0
279,17,5.0
280,1,4.0
280,2,4.0
280,3,5.0
280,5,5.0
280,8,5.0
280,11,3.0
280,15,3.0
281,3,4.0
281,5,5.0
281,7,4.0
281,8,5.0
281,11,5.0
281,15,3.0
282,3,5.0
282,5,4.0
282,8,5.0
282,15,5.0
282,16,5.0
283,2,5.0
283,3,4.0
283,5,3.0
283,7,4.0
283,8,5.0
283,11,4.0
283,15,4.0
283,16,5.0
284,2,5.0
284,3,5.0
284,5,4.0
284,7,5.0
284,8,5.0
284,11,4.0
284,12,5.0
284,13,4.0
284,15,2.0
285,2,5.0
285,3,4.0
285,5,3.0
285,7,5.0
285,8,3.0
285,11,4.0
285,12,3.0
285,15,3.0
286,3,3.0
286,5,4.0
286,7,5.0
286,8,5.0
286,9,4.0
286,10,3.0
286,11,4.0
286,12,3.0
286,14,4.0
286,15,2.0
286,16,5.0
286,17,3.0
287,1,3.0
287,2,5.0
287,3,5.0
287,4,3.0
287,5,4.0
287,6,3.0
287,7,3.0
287,8,5.0
287,9,4.0
287,10,4.0
287,11,5.0
287,12,5.0
287,13,4.0
287,14,4.0
287,15,2.0
287,16,5.0
287,17,4.0
287,18,3.0
287,19,3.0
287,20,3.0
288,2,5.0
288,7,4.0
288,8,2.0
288,12,5.0
289,2,5.0
289,5,4.0
289,7,3.0
289,8,4.0
289,11,4.0
289,14,5.0
289,16,3.0
290,2,5.0
290,3,4.0
290,5,3.0
290,7,3.0
290,8,4.0
290,11,2.0
290,12,4.0
290,14,2.0
290,15,1.0
290,16,3.0
290,18,1.0
291,1,1.0
291,2,3.0
291,3,3.0
291,4,2.0
291,5,4.0
291,6,1.0
291,7,4.0
291,8,3.0
291,9,1.0
291,10,1.0
291,11,3.0
291,12,4.0
291,13,1.0
291,14,1.0
291,15,1.0
291,16,1.0
291,17,1.0
291,18,1.0
291,19,1.0
291,20,1.0
292,1,4.0
292,2,4.0
292,3,4.0
292,4,3.0
292,5,2.0
292,7,5.0
292,8,5.0
292,9,3.0
292,10,4.0
292,11,4.0
292,12,4.0
292,14,5.0
292,15,5.0
292,16,4.0
292,17,5.0
292,19,3.0
292,20,4.0
293,3,5.0
293,4,5.0
293,5,5.0
293,7,5.0
293,8,4.0
293,12,5.0
293,13,4.0
293,15,5.0
293,16,4.0
293,19,3.0
293,20,4.0
294,1,4.0
294,2,4.0
294,5,4.0
294,7,4.0
294,8,4.0
294,12,4.0
295,3,4.0
295,5,4.0
295,7,5.0
295,11,4.0
295,12,4.0
295,15,5.0
296,2,4.0
296,7,4.0
297,1,4.0
297,3,4.0
297,4,4.0
297,5,5.0
297,6,4.0
297,7,5.0
297,8,5.0
297,11,4.0
297,13,4.0
297,14,5.0
297,15,5.0
298,2,5.0
298,3,4.0
298,4,5.0
298,5,2.0
298,7,5.0
298,8,4.0
298,11,5.0
298,15,2.0
299,1,3.0
299,2,5.0
299,7,4.0
299,8,4.0
300,1,2.0
300,3,2.0
300,4,4.0
300,5,3.0
300,7,4.0
300,8,4.0
300,11,4.0
300,13,4.0
300,14,5.0
300,15,3.0
300,16,2.0
301,2,5.0
301,3,4.0
301,5,3.0
301,7,5.0
301,8,5.0
301,12,5.0
302,1,5.0
302,2,5.0
302,3,4.0
302,4,3.0
302,5,3.0
302,6,3.0
302,7,4.0
302,8,5.0
302,11,3.0
302,15,4.0
303,1,4.0
303,3,5.0
303,5,5.0
303,6,5.0
303,8,5.0
303,11,3.0
303,15,4.0
303,16,4.0
303,20,2.0
304,2,3.0
304,5,5.0
304,7,3.0
304,8,5.0
304,15,1.0
305,1,5.0
305,2,4.0
305,3,5.0
305,5,5.0
305,7,4.0
305,8,5.0
305,15,5.0
305,16,5.0
305,17,5.0
305,18,3.0
305,19,5.0
305,20,5.0
306,1,5.0
306,2,4.0
306,3,5.0
306,4,2.0
306,5,4.0
306,6,5.0
306,7,5.0
306,8,4.0
306,11,5.0
306,14,5.0
306,15,5.0
306,16,4.0
306,20,2.0
307,1,4.0
307,2,4.0
307,3,2.0
307,5,3.0
307,7,5.0
307,8,4.0
307,9,4.0
307,11,4.0
307,12,5.0
307,14,5.0
307,15,2.0
307,16,5.0
307,17,3.0
308,4,5.0
308,5,5.0
308,7,5.0
308,10,4.0
308,12,4.0
308,13,5.0
308,14,5.0
308,15,3.0
308,16,4.0
309,1,4.0
309,2,4.0
309,3,5.0
309,4,4.0
309,5,4.0
309,6,5.0
309,7,4.0
309,8,2.0
309,9,4.0
309,10,4.0
309,11,3.0
309,12,4.0
309,13,4.0
309,14,3.0
309,15,5.0
309,16,4.0
309,17,2.0
309,18,4.0
309,19,5.0
310,3,5.0
310,5,5.0
310,7,5.0
310,8,3.0
310,9,3.0
310,12,5.0
310,13,4.0
310,14,4.0
310,15,4.0
310,16,4.0
310,18,3.0
310,19,1.0
310,20,2.0
311,3,4.0
311,4,2.0
311,5,5.0
311,7,4.0
311,8,4.0
311,13,5.0
311,14,4.0
311,15,4.0
312,1,1.0
312,2,5.0
312,3,2.0
312,4,4.0
312,5,3.0
312,7,5.0
312,8,2.0
312,9,5.0
312,11,3.0
312,12,5.0
312,15,1.0
312,16,1.0
312,17,1.0
312,18,1.0
312,19,5.0
312,20,5.0
313,5,4.0
313,8,5.0
313,15,3.0
314,1,4.0
314,2,5.0
314,3,5.0
314,4,3.0
314,5,5.0
314,6,3.0
314,7,5.0
314,8,5.0
314,9,3.0
314,10,4.0
314,11,5.0
314,12,5.0
314,13,5.0
314,14,5.0
314,15,5.0
314,16,5.0
315,2,5.0
315,3,4.0
315,5,4.0
315,7,5.0
315,8,5.0
315,12,5.0
315,15,2.0
315,16,5.0
316,2,5.0
316,5,4.0
316,7,5.0
316,8,4.0
316,11,3.0
316,12,5.0
317,1,3.0
317,2,5.0
317,3,4.0
317,5,5.0
317,7,5.0
317,8,5.0
317,11,4.0
317,12,4.0
317,16,4.0
318,3,5.0
318,5,5.0
318,7,5.0
318,8,4.0
318,11,4.0
318,12,4.0
318,13,5.0
318,16,5.0
319,1,4.0
319,2,5.0
319,5,4.0
319,7,5.0
319,8,5.0
319,12,4.0
320,5,4.0
320,7,4.0
320,8,4.0
320,15,4.0
321,2,5.0
321,3,5.0
321,4,4.0
321,5,5.0
321,6,5.0
321,7,1.0
321,8,3.0
321,10,5.0
321,11,2.0
321,12,5.0
321,13,4.0
321,14,1.0
321,15,1.0
321,16,5.0
321,20,4.0
322,1,3.0
322,2,4.0
322,3,2.0
322,5,5.0
322,7,5.0
322,8,4.0
322,9,5.0
322,11,3.0
322,12,5.0
322,14,2.0
322,15,1.0
322,16,3.0
323,1,5.0
323,3,5.0
323,5,5.0
323,6,4.0
323,7,4.0
323,8,5.0
323,11,3.0
323,12,5.0
323,13,5.0
323,15,3.0
323,16,3.0
324,1,4.0
324,2,4.0
324,3,4.0
324,4,2.0
324,5,5.0
324,7,2.0
324,8,3.0
324,12,3.0
324,14,2.0
324,15,1.0
324,16,1.0
325,2,2.0
325,3,5.0
325,7,2.0
325,8,2.0
325,9,3.0
325,11,2.0
325,12,4.0
325,14,5.0
325,15,2.0
325,16,4.0
326,2,5.0
326,3,4.0
326,4,4.0
326,5,5.0
326,7,5.0
326,8,5.0
326,11,5.0
326,15,5.0
326,16,5.0
326,17,5.0
327,2,4.0
327,3,5.0
327,5,4.0
327,8,4.0
327,11,4.0
327,15,3.0
327,16,5.0
328,1,4.0
328,2,4.0
328,3,3.0
328,4,2.0
328,5,3.0
328,6,3.0
328,7,4.0
328,8,5.0
328,9,2.0
328,10,4.0
328,11,4.0
328,12,3.0
328,13,3.0
328,14,3.0
328,15,5.0
328,16,3.0
328,17,3.0
328,18,3.0
328,19,2.0
328,20,3.0
329,2,4.0
329,3,5.0
329,4,2.0
329,5,3.0
329,7,4.0
329,8,3.0
329,10,4.0
329,15,3.0
329,16,3.0
330,5,5.0
330,6,4.0
330,7,5.0
330,8,5.0
330,11,3.0
330,15,2.0
330,16,4.0
331,1,3.0
331,2,5.0
331,3,5.0
331,5,4.0
331,6,5.0
331,7,5.0
331,8,3.0
331,11,3.0
331,12,5.0
331,16,5.0
318,1,4.0
318,2,5.0
318,3,5.0
318,5,5.0
318,7,5.0
318,8,5.0
318,11,5.0
318,14,2.0
318,15,2.0
318,16,2.0
318,17,2.0
318,18,2.0
318,19,2.0
318,20,2.0
332,5,5.0
332,15,4.0
333,1,5.0
333,5,5.0
333,11,5.0
333,12,4.0
334,1,3.0
334,3,4.0
334,5,5.0
334,7,4.0
334,8,5.0
334,10,4.0
334,17,4.0
334,20,5.0
335,2,5.0
335,3,5.0
335,5,5.0
335,7,2.0
335,12,4.0
335,15,2.0
336,1,1.0
336,2,4.0
336,3,5.0
336,4,5.0
336,5,5.0
336,6,5.0
336,7,4.0
336,8,1.0
336,9,1.0
336,10,5.0
336,11,4.0
336,12,4.0
336,13,4.0
336,14,5.0
336,15,5.0
336,16,1.0
336,17,4.0
336,18,5.0
336,19,2.0
336,20,2.0
337,1,3.0
337,2,5.0
337,3,5.0
337,5,3.0
337,7,5.0
337,8,3.0
337,9,5.0
337,11,3.0
337,12,5.0
337,14,4.0
337,15,1.0
337,16,4.0
338,1,4.0
338,2,5.0
338,5,4.0
338,7,5.0
338,8,4.0
338,10,4.0
338,11,4.0
338,12,3.0
338,15,3.0
339,1,3.0
339,2,3.0
339,3,4.0
339,4,4.0
339,5,5.0
339,7,4.0
339,10,4.0
339,11,3.0
339,14,5.0
339,15,4.0
339,16,3.0
339,17,4.0
340,3,3.0
340,11,3.0
340,15,3.0
341,1,4.0
341,2,5.0
341,3,4.0
341,4,4.0
341,5,4.0
341,7,3.0
341,8,4.0
341,11,4.0
341,12,4.0
341,15,2.0
342,1,3.0
342,2,5.0
342,5,4.0
342,8,5.0
342,12,4.0
343,1,4.0
343,2,4.0
343,3,5.0
343,5,5.0
343,6,5.0
343,7,5.0
343,8,3.0
343,11,3.0
343,13,4.0
343,14,4.0
343,15,4.0
343,16,4.0
344,5,5.0
344,15,4.0
345,1,4.0
345,8,4.0
346,1,4.0
346,2,4.0
346,3,4.0
346,5,4.0
346,7,4.0
346,8,4.0
346,11,4.0
347,2,5.0
347,3,4.0
347,5,4.0
347,8,5.0
347,11,3.0
347,12,4.0
347,15,3.0
347,19,3.0
347,20,3.0
348,2,5.0
348,3,4.0
348,5,4.0
348,8,5.0
348,11,3.0
348,12,4.0
348,15,3.0
348,19,3.0
348,20,3.0
349,1,1.0
349,3,5.0
349,7,4.0
349,8,5.0
350,8,1.0
350,17,1.0
350,18,1.0
351,1,1.0
351,2,1.0
351,3,1.0
351,4,4.0
351,5,5.0
351,6,5.0
351,7,5.0
351,8,2.0
351,9,2.0
351,10,2.0
351,11,3.0
351,12,3.0
351,13,5.0
351,14,5.0
351,15,5.0
351,16,4.0
351,17,4.0
351,18,4.0
351,19,4.0
351,20,4.0
352,1,4.0
352,3,3.0
352,5,2.0
352,7,5.0
352,8,5.0
352,11,4.0
352,13,4.0
352,14,5.0
352,15,4.0
352,16,5.0
353,3,4.0
353,5,4.0
353,7,4.0
353,8,3.0
353,15,3.0
354,1,5.0
354,3,5.0
354,5,5.0
354,7,5.0
354,8,5.0
354,14,5.0
354,15,3.0
354,16,3.0
355,2,5.0
355,5,5.0
355,6,5.0
355,7,5.0
355,8,5.0
355,11,5.0
355,12,5.0
355,13,5.0
355,15,5.0
356,2,4.0
356,3,4.0
356,5,4.0
356,6,4.0
356,7,4.0
356,8,4.0
356,9,4.0
356,10,4.0
356,11,4.0
356,12,5.0
356,14,4.0
356,15,3.0
356,16,4.0
356,20,5.0
357,1,3.0
357,2,4.0
357,3,4.0
357,4,5.0
357,5,5.0
357,6,5.0
357,7,5.0
357,8,5.0
357,11,4.0
357,12,5.0
357,15,5.0
358,1,3.0
358,2,3.0
358,3,5.0
358,4,5.0
358,5,5.0
358,6,4.0
358,7,3.0
358,8,4.0
358,9,4.0
358,10,4.0
358,11,4.0
358,12,4.0
358,13,5.0
358,14,5.0
358,15,5.0
358,16,5.0
358,17,5.0
358,18,5.0
358,19,5.0
358,20,5.0
359,1,3.0
359,2,5.0
359,3,5.0
359,5,4.0
359,7,4.0
359,8,4.0
359,9,5.0
359,12,5.0
359,14,4.0
359,15,1.0
360,1,3.0
360,2,2.0
360,3,4.0
360,4,1.0
360,5,1.0
360,6,1.0
360,7,5.0
360,8,4.0
360,11,3.0
360,12,5.0
360,15,3.0
360,16,2.0
361,1,4.0
361,2,5.0
361,3,5.0
361,4,4.0
361,5,5.0
361,6,4.0
361,7,4.0
361,8,4.0
361,10,4.0
361,11,4.0
361,12,3.0
361,13,4.0
361,14,3.0
361,15,3.0
361,16,3.0
361,17,3.0
361,18,3.0
361,19,3.0
361,20,3.0
362,1,3.0
362,2,5.0
362,3,4.0
362,4,2.0
362,5,4.0
362,6,3.0
362,7,5.0
362,8,4.0
362,11,4.0
362,12,5.0
362,14,4.0
362,15,2.0
362,16,5.0
362,18,3.0
363,2,4.0
363,5,3.0
363,7,5.0
363,8,5.0
363,11,4.0
363,15,4.0
363,16,4.0
364,3,4.0
364,5,3.0
364,8,5.0
364,15,5.0
365,5,5.0
365,8,2.0
365,11,4.0
365,15,4.0
365,16,5.0
366,7,5.0
367,1,4.0
367,2,4.0
367,3,5.0
367,5,5.0
367,7,5.0
367,8,5.0
367,11,4.0
367,12,5.0
367,15,4.0
368,2,3.0
368,3,4.0
368,4,4.0
368,5,4.0
368,11,4.0
368,12,5.0
368,13,4.0
368,14,4.0
368,16,1.0
369,1,5.0
369,2,3.0
369,3,4.0
369,4,5.0
369,8,5.0
369,15,3.0
370,1,5.0
370,3,5.0
370,4,4.0
370,5,3.0
370,8,5.0
370,11,5.0
370,12,5.0
370,15,2.0
371,1,4.0
371,2,3.0
371,3,4.0
371,5,3.0
371,7,4.0
371,8,4.0
371,11,4.0
371,12,4.0
371,15,2.0
372,1,4.0
372,3,5.0
372,5,5.0
372,8,5.0
372,15,5.0
373,1,3.0
373,3,5.0
373,5,4.0
373,7,5.0
373,8,5.0
373,15,5.0
373,16,5.0
373,17,5.0
374,1,3.0
374,2,3.0
374,3,4.0
374,4,4.0
374,5,5.0
374,6,4.0
374,8,4.0
374,11,4.0
374,14,4.0
374,15,5.0
374,16,4.0
374,17,4.0
374,20,5.0
375,3,5.0
375,5,4.0
375,6,3.0
375,7,4.0
375,8,4.0
375,11,4.0
375,15,3.0
375,16,4.0
376,1,5.0
376,2,5.0
376,3,5.0
376,4,3.0
376,5,3.0
376,6,3.0
376,7,4.0
376,8,4.0
376,9,3.0
376,10,3.0
376,11,3.0
376,12,5.0
376,13,3.0
376,14,4.0
376,15,2.0
376,16,3.0
376,17,3.0
376,18,3.0
376,19,4.0
376,20,4.0
377,3,4.0
377,5,4.0
377,11,4.0
377,16,5.0
378,1,3.0
378,2,3.0
378,3,4.0
378,5,5.0
378,6,4.0
378,8,3.0
378,10,3.0
378,11,4.0
378,14,5.0
378,15,5.0
378,16,5.0
379,3,4.0
379,8,3.0
379,10,3.0
379,11,4.0
380,2,3.0
380,3,5.0
380,4,5.0
380,5,5.0
380,7,4.0
380,8,5.0
380,11,5.0
380,12,4.0
380,15,4.0
380,16,4.0
381,1,2.0
381,2,4.0
382,1,4.0
382,2,1.0
382,3,4.0
382,4,5.0
382,5,2.0
382,6,5.0
382,7,3.0
382,8,4.0
382,9,3.0
382,10,4.0
382,11,3.0
382,12,3.0
382,13,4.0
382,14,4.0
382,15,5.0
382,16,4.0
382,17,4.0
382,18,3.0
382,19,3.0
382,20,2.0
383,2,5.0
383,14,5.0
383,15,5.0
384,3,5.0
384,15,5.0
385,3,5.0
385,5,5.0
385,8,4.0
385,14,3.0
385,15,4.0
386,1,4.0
386,2,5.0
386,3,5.0
386,4,3.0
386,5,4.0
386,7,4.0
386,8,3.0
386,11,5.0
386,13,3.0
386,15,2.0
387,1,4.0
387,2,5.0
387,5,5.0
387,8,5.0
387,11,5.0
387,14,4.0
387,15,4.0
387,16,5.0
388,2,5.0
388,5,3.0
388,8,5.0
388,13,3.0
389,1,5.0
389,2,3.0
389,3,5.0
389,15,4.0
390,2,4.0
390,3,5.0
390,6,4.0
390,8,3.0
390,11,3.0
390,12,3.0
390,14,2.0
391,3,4.0
391,4,4.0
391,5,5.0
391,7,5.0
391,8,4.0
391,11,4.0
391,15,3.0
391,16,4.0
391,17,4.0
392,1,5.0
392,5,5.0
392,7,5.0
392,8,5.0
392,11,4.0
392,15,3.0
392,16,3.0
393,2,5.0
393,3,5.0
393,5,3.0
393,7,4.0
393,8,3.0
393,12,5.0
393,15,2.0
394,1,5.0
394,2,5.0
394,3,5.0
394,4,4.0
394,5,5.0
394,6,4.0
394,7,5.0
394,8,5.0
394,9,5.0
394,11,3.0
394,12,5.0
394,14,5.0
394,15,2.0
394,16,3.0
395,1,5.0
395,2,5.0
395,3,4.0
395,4,4.0
395,5,5.0
395,6,4.0
395,7,5.0
395,8,5.0
395,11,5.0
395,13,5.0
395,14,5.0
395,15,5.0
395,16,5.0
395,18,5.0
395,19,1.0
395,20,1.0
396,3,4.0
396,5,5.0
396,6,5.0
396,8,5.0
396,15,4.0
396,16,5.0
397,2,5.0
397,5,3.0
397,7,5.0
397,8,5.0
397,12,5.0
398,2,5.0
398,7,5.0
398,8,5.0
398,12,5.0
398,15,5.0
399,5,4.0
399,7,5.0
399,8,5.0
399,15,4.0
400,3,4.0
400,4,3.0
400,5,5.0
400,7,5.0
400,8,5.0
400,11,3.0
400,12,5.0
400,14,5.0
400,15,3.0
400,16,5.0
401,1,4.0
401,3,5.0
401,5,5.0
401,6,5.0
401,8,4.0
401,15,4.0
402,1,3.0
402,5,4.0
402,8,4.0
402,12,5.0
403,1,5.0
403,2,1.0
403,3,5.0
403,4,1.0
403,5,5.0
403,6,1.0
403,7,1.0
403,8,5.0
403,9,1.0
403,10,1.0
403,11,5.0
403,12,1.0
403,13,1.0
403,14,1.0
403,15,4.0
403,16,4.0
403,17,1.0
403,18,1.0
403,19,1.0
403,20,1.0
404,1,3.0
404,3,5.0
404,4,5.0
404,5,4.0
404,7,4.0
404,8,4.0
404,9,5.0
404,11,3.0
404,12,5.0
404,15,4.0
405,2,5.0
405,3,5.0
405,5,4.0
405,6,4.0
405,7,5.0
405,8,5.0
405,11,5.0
405,12,5.0
405,15,3.0
406,1,4.0
406,3,4.0
406,5,4.0
406,7,4.0
406,8,4.0
406,14,3.0
406,15,3.0
406,16,3.0
407,2,5.0
407,3,5.0
407,5,4.0
407,7,5.0
407,8,4.0
407,12,5.0
407,15,4.0
407,16,4.0
408,1,4.0
408,2,5.0
408,3,5.0
408,5,5.0
408,8,4.0
408,11,5.0
408,12,5.0
408,13,5.0
408,14,5.0
408,15,4.0
408,16,5.0
409,1,4.0
409,3,4.0
409,7,4.0
409,8,5.0
409,11,4.0
409,14,5.0
409,15,5.0
409,16,4.0
409,17,5.0
409,20,4.0
410,1,3.0
410,3,3.0
410,5,5.0
410,7,5.0
410,13,3.0
410,15,5.0
410,17,4.0
411,2,4.0
411,3,5.0
411,5,2.0
411,7,4.0
411,8,3.0
411,9,5.0
411,11,2.0
411,12,5.0
411,14,1.0
411,15,1.0
411,16,1.0
412,5,5.0
412,6,5.0
412,15,5.0
414,1,5.0
414,8,3.0
414,15,3.0
414,20,3.0
415,3,4.0
415,5,5.0
415,7,3.0
415,8,5.0
415,11,4.0
415,13,3.0
415,14,5.0
415,15,2.0
415,16,4.0
416,1,4.0
416,2,5.0
416,3,3.0
416,5,2.0
416,8,5.0
416,11,3.0
416,12,4.0
416,15,5.0
417,1,5.0
417,2,5.0
417,3,3.0
417,5,5.0
417,7,5.0
417,8,3.0
417,11,5.0
417,13,1.0
418,3,4.0
418,5,4.0
418,7,5.0
418,8,4.0
418,15,5.0
418,16,2.0
419,3,4.0
419,5,3.0
419,8,3.0
419,13,3.0
419,15,3.0
419,16,3.0
420,2,4.0
420,4,3.0
420,5,5.0
420,7,5.0
420,8,4.0
420,11,4.0
420,12,5.0
420,14,5.0
420,16,4.0
421,2,5.0
421,3,5.0
421,5,5.0
421,7,5.0
421,8,5.0
421,11,3.0
421,12,5.0
421,15,3.0
421,16,5.0
422,1,3.0
422,2,5.0
422,3,4.0
422,4,1.0
422,5,1.0
422,6,5.0
422,7,2.0
422,8,4.0
422,9,3.0
422,11,4.0
422,12,5.0
422,15,4.0
423,2,5.0
423,5,5.0
423,7,5.0
423,8,5.0
423,15,3.0
423,16,5.0
424,2,5.0
424,3,5.0
424,5,4.0
424,7,4.0
424,8,3.0
424,11,5.0
424,12,5.0
424,15,3.0
424,16,4.0
425,1,4.0
425,2,4.0
425,3,5.0
425,4,3.0
425,5,4.0
425,8,4.0
425,11,5.0
425,12,5.0
425,14,5.0
425,15,3.0
425,16,4.0
426,2,4.0
426,5,2.0
426,7,2.0
426,8,3.0
426,11,2.0
426,12,3.0
426,14,4.0
426,15,2.0
426,16,5.0
427,3,5.0
427,7,5.0
428,1,4.0
428,2,4.0
428,3,5.0
428,4,2.0
428,5,4.0
428,7,5.0
428,8,4.0
428,11,4.0
428,14,4.0
428,17,4.0
429,1,4.0
429,3,5.0
429,5,5.0
429,8,3.0
429,10,5.0
429,11,5.0
429,16,2.0
429,17,4.0
430,3,3.0
430,5,4.0
430,10,4.0
430,14,5.0
430,15,5.0
430,16,5.0
430,17,5.0
430,18,3.0
431,1,4.0
431,2,3.0
431,3,5.0
431,4,5.0
431,5,3.0
431,7,5.0
431,8,5.0
432,1,3.0
432,2,4.0
432,3,5.0
432,4,5.0
432,5,5.0
432,6,5.0
432,7,5.0
432,8,4.0
432,9,4.0
432,10,4.0
432,11,5.0
432,12,5.0
432,13,5.0
432,14,5.0
432,15,5.0
432,16,5.0
432,17,5.0
432,18,4.0
432,19,4.0
432,20,4.0
433,2,4.0
433,3,5.0
433,5,5.0
433,6,5.0
433,7,4.0
433,8,4.0
433,12,5.0
433,13,4.0
433,17,4.0
433,18,4.0
433,19,4.0
433,20,4.0
434,2,5.0
434,3,5.0
434,5,5.0
434,7,5.0
434,8,4.0
434,11,3.0
434,12,5.0
434,15,4.0
434,16,3.0
435,1,5.0
435,2,5.0
435,3,5.0
435,4,5.0
435,5,5.0
435,6,5.0
435,7,5.0
435,8,5.0
435,11,5.0
435,12,4.0
435,13,4.0
435,15,3.0
435,16,2.0
436,3,5.0
436,5,3.0
436,7,4.0
436,8,3.0
436,11,3.0
436,12,4.0
436,15,2.0
436,16,5.0
437,2,4.0
437,3,5.0
437,4,2.0
437,5,5.0
437,7,4.0
437,8,4.0
437,9,3.0
437,11,3.0
437,12,5.0
437,15,1.0
438,1,5.0
438,3,5.0
438,5,3.0
438,6,4.0
438,7,4.0
438,8,4.0
438,11,3.0
438,15,2.0
439,2,3.0
439,3,3.0
439,5,4.0
439,8,4.0
439,10,3.0
439,11,4.0
439,12,4.0
439,13,3.0
439,14,3.0
439,15,4.0
439,16,4.0
439,17,3.0
439,18,4.0
440,3,5.0
440,8,5.0
440,11,5.0
440,15,5.0
440,16,5.0
440,18,5.0
441,2,4.0
441,3,4.0
441,4,4.0
441,5,5.0
441,8,5.0
441,11,5.0
441,14,4.0
441,15,3.0
441,16,4.0
442,2,5.0
442,5,4.0
442,6,4.0
442,7,4.0
442,8,5.0
442,11,4.0
442,14,3.0
442,15,4.0
443,8,5.0
443,20,4.0
444,2,4.0
444,3,4.0
444,5,5.0
444,7,5.0
444,8,5.0
444,11,3.0
444,12,3.0
445,1,5.0
445,5,4.0
445,8,4.0
445,11,3.0
445,16,5.0
446,1,5.0
446,3,4.0
446,5,4.0
446,6,4.0
446,7,4.0
446,8,5.0
446,11,3.0
446,15,2.0
446,16,4.0
447,5,4.0
447,7,4.0
447,8,5.0
447,13,3.0
447,14,4.0
447,15,2.0
447,16,4.0
447,17,5.0
447,18,5.0
447,19,5.0
447,20,5.0
448,1,4.0
448,2,5.0
448,3,5.0
448,4,4.0
448,5,5.0
448,6,3.0
448,7,5.0
448,8,5.0
448,9,4.0
448,10,3.0
448,11,3.0
448,12,3.0
448,13,4.0
448,14,5.0
448,15,5.0
448,16,5.0
448,17,4.0
448,18,4.0
448,19,5.0
448,20,5.0
449,1,5.0
449,2,3.0
449,3,5.0
449,4,3.0
449,5,4.0
449,6,5.0
449,7,3.0
449,8,4.0
449,9,3.0
449,10,4.0
449,11,5.0
449,12,4.0
449,13,4.0
449,14,5.0
449,15,4.0
449,16,5.0
450,1,3.0
450,2,4.0
450,3,4.0
450,4,3.0
450,5,4.0
450,6,3.0
450,7,5.0
450,8,5.0
450,9,3.0
450,10,3.0
450,11,3.0
450,12,3.0
450,13,3.0
450,14,3.0
450,15,3.0
450,16,1.0
450,17,3.0
450,18,1.0
450,19,3.0
450,20,3.0
451,2,5.0
451,3,4.0
451,5,2.0
451,8,2.0
451,11,1.0
451,12,4.0
451,15,1.0
451,16,3.0
452,1,3.0
452,5,4.0
452,8,5.0
452,11,4.0
452,15,3.0
453,1,4.0
453,2,5.0
453,3,5.0
453,5,3.0
453,7,4.0
453,8,4.0
453,9,4.0
453,12,5.0
453,14,5.0
453,16,4.0
454,3,3.0
454,5,4.0
454,7,5.0
454,8,5.0
454,11,5.0
454,15,3.0
455,5,4.0
455,8,5.0
455,11,5.0
456,3,5.0
456,5,5.0
456,6,5.0
456,7,5.0
456,8,5.0
456,11,4.0
456,15,5.0
456,16,5.0
457,2,5.0
457,3,5.0
457,5,5.0
457,6,5.0
457,7,3.0
457,8,5.0
457,14,5.0
457,15,4.0
457,16,5.0
458,1,5.0
458,5,3.0
458,7,5.0
458,8,1.0
458,9,5.0
458,11,3.0
458,12,5.0
458,15,1.0
459,2,3.0
459,3,5.0
459,4,5.0
459,5,5.0
459,7,2.0
459,8,5.0
459,11,4.0
459,12,4.0
459,14,2.0
459,15,3.0
459,16,4.0
460,8,5.0
460,15,5.0
461,1,5.0
461,2,5.0
461,5,4.0
461,7,2.0
461,8,3.0
461,11,3.0
461,12,5.0
461,13,3.0
461,15,3.0
462,1,5.0
462,2,5.0
462,3,5.0
462,4,5.0
462,7,3.0
462,8,5.0
462,9,1.0
462,10,1.0
462,11,5.0
462,13,3.0
462,14,3.0
462,15,5.0
462,16,1.0
462,17,1.0
462,18,1.0
462,19,1.0
462,20,5.0
463,3,5.0
463,4,5.0
463,5,5.0
463,7,4.0
463,8,4.0
463,11,5.0
463,13,5.0
463,15,5.0
463,20,5.0
464,1,3.0
464,2,4.0
464,3,5.0
464,5,4.0
464,8,3.0
464,12,5.0
464,13,4.0
465,1,5.0
465,2,4.0
465,3,5.0
465,4,3.0
465,5,4.0
465,6,3.0
465,7,3.0
465,8,5.0
465,9,3.0
465,10,2.0
465,11,3.0
465,12,2.0
465,13,2.0
465,14,3.0
465,15,4.0
465,16,4.0
465,17,4.0
465,18,3.0
465,19,4.0
465,20,4.0
466,1,3.0
466,2,4.0
466,3,4.0
466,4,3.0
466,5,4.0
466,6,4.0
466,7,3.0
466,8,4.0
466,9,4.0
466,10,3.0
466,11,4.0
466,12,4.0
466,13,3.0
466,14,3.0
466,15,4.0
466,16,5.0
466,17,4.0
466,18,3.0
466,19,3.0
466,20,3.0
467,1,4.0
467,2,4.0
467,3,5.0
467,4,2.0
467,5,3.0
467,6,2.0
467,7,5.0
467,8,5.0
467,9,3.0
467,10,3.0
467,11,4.0
467,12,3.0
467,13,3.0
467,14,3.0
467,15,4.0
467,16,4.0
467,17,3.0
467,18,3.0
467,19,3.0
467,20,3.0
468,2,5.0
468,5,4.0
468,6,4.0
468,7,4.0
468,8,5.0
468,12,5.0
468,13,4.0
468,14,5.0
468,15,3.0
468,16,5.0
469,1,2.0
469,2,2.0
469,3,4.0
469,4,4.0
469,5,5.0
469,8,5.0
469,14,3.0
469,15,5.0
469,17,5.0
469,18,4.0
469,19,2.0
469,20,4.0
470,2,5.0
470,3,5.0
470,5,4.0
470,7,4.0
470,8,3.0
470,10,1.0
470,12,1.0
470,15,2.0
470,16,1.0
470,18,1.0
470,20,1.0
471,1,3.0
471,2,4.0
471,3,5.0
471,5,5.0
471,7,5.0
471,8,5.0
471,11,5.0
471,12,4.0
471,15,3.0
471,16,4.0
472,2,5.0
472,5,4.0
472,6,2.0
472,7,5.0
472,8,4.0
472,9,2.0
472,11,3.0
472,13,1.0
472,14,3.0
472,15,2.0
472,16,5.0
472,17,4.0
472,18,3.0
472,19,5.0
472,20,3.0
473,1,3.0
473,3,5.0
473,5,5.0
473,7,4.0
473,8,3.0
473,11,3.0
474,1,3.0
474,2,2.0
474,3,5.0
474,4,1.0
474,5,4.0
474,6,4.0
474,7,1.0
474,8,5.0
474,9,5.0
474,10,3.0
474,11,4.0
474,12,3.0
474,13,2.0
474,14,3.0
474,15,1.0
474,16,1.0
474,17,2.0
474,18,3.0
474,19,4.0
474,20,5.0
475,1,3.0
475,5,5.0
475,7,5.0
475,8,4.0
475,15,2.0
476,1,4.0
476,2,5.0
476,3,3.0
476,5,2.0
476,6,4.0
476,7,2.0
476,8,4.0
476,10,3.0
476,11,4.0
476,12,5.0
476,13,2.0
476,15,3.0
476,16,4.0
476,17,2.0
476,18,4.0
476,19,3.0
477,1,2.0
477,2,5.0
477,3,5.0
477,4,3.0
477,5,5.0
477,6,5.0
477,7,4.0
477,8,3.0
477,9,2.0
477,10,1.0
477,11,4.0
477,12,3.0
477,13,4.0
477,14,5.0
477,15,5.0
477,16,5.0
477,17,4.0
477,18,3.0
477,19,2.0
477,20,1.0
478,1,4.0
478,4,3.0
478,5,4.0
478,7,5.0
478,8,5.0
478,15,3.0
478,16,2.0
479,1,1.0
479,2,5.0
479,3,5.0
479,4,2.0
479,5,5.0
479,6,5.0
479,7,4.0
479,8,4.0
479,11,5.0
479,12,3.0
479,13,3.0
479,15,2.0
479,16,4.0
479,17,2.0
479,18,1.0
479,19,3.0
479,20,2.0
480,2,4.0
480,3,5.0
480,5,3.0
480,7,5.0
480,8,5.0
480,9,4.0
480,10,3.0
480,12,2.0
480,13,3.0
480,14,3.0
480,15,1.0
480,16,4.0
480,17,4.0
480,18,4.0
480,19,3.0
480,20,5.0
481,3,2.0
481,4,1.0
481,5,3.0
481,6,4.0
481,9,3.0
481,11,3.0
481,12,4.0
481,14,5.0
481,15,1.0
481,16,4.0
482,1,2.0
482,2,4.0
482,3,3.0
482,4,1.0
482,5,2.0
482,6,1.0
482,7,5.0
482,8,5.0
482,9,4.0
482,10,1.0
482,11,2.0
482,12,5.0
482,14,2.0
482,15,1.0
482,16,3.0
482,17,2.0
482,18,1.0
482,19,3.0
482,20,4.0
483,1,5.0
483,3,4.0
483,5,3.0
483,8,4.0
483,12,2.0
484,1,4.0
484,2,5.0
484,3,4.0
484,4,3.0
484,5,5.0
484,6,4.0
484,7,5.0
484,8,4.0
484,9,4.0
484,10,4.0
484,11,5.0
484,12,5.0
484,13,5.0
484,14,4.0
484,15,3.0
484,16,4.0
484,17,5.0
484,18,4.0
484,19,4.0
484,20,3.0
